experiment,num_classes,balance,preprocess,corrected,status,accuracy,kappa,auc_macro,f1_macro,precision_macro,recall_macro,grade_accuracy,grade_kappa,grade_f1,type_accuracy,type_f1
cada_10class_balanced,10,Balanced,None,False,original,0.8201284796573876,0.7988712241925128,0.9756409602638747,0.7621115737174934,0.7970892385420825,0.7713767587971357,0.8201284796573876,0.7747625785822467,0.8193656787237605,0.9978586723768736,0.9977785940609235
cada_10class_balanced_blur,10,Balanced,Blur+CLAHE,False,original,0.47863247863247865,0.31695178849144645,0.8584517361168935,0.38674317609557485,0.39866910088872703,0.4624820172422912,0.48717948717948717,0.27643784786641934,0.3941653485978258,0.9871794871794872,0.97172433238007
cada_10class_balanced_resize,10,Balanced,Resize,False,original,0.5341880341880342,0.40049359501704074,0.8811530644916085,0.28098325771983057,0.2464406982305117,0.3384963241127624,0.5427350427350427,0.3663992711997368,0.35797724605491593,0.9871794871794872,0.97172433238007
cada_10class_balanced_sharp,10,Balanced,Sharp+CLAHE,False,original,0.4700854700854701,0.2856896679057631,0.8561739561764554,0.29449383102250815,0.3122437888198758,0.35744763844078914,0.4700854700854701,0.22104697986577182,0.2844683473389355,0.9871794871794872,0.97172433238007
cada_10class_unbalanced,10,Unbalanced,None,False,original,0.5299539170506913,0.39849991847383015,0.8856335798329514,0.3391262192988812,0.3177489177489178,0.40897812971342384,0.543778801843318,0.37343599615014433,0.40999806757003243,0.9723502304147466,0.9435483870967742
cada_4class_balanced,4,Balanced,None,False,original,0.8371040723981901,0.7776271565428234,0.0,0.8128313246990048,0.8410652881842392,0.8121477300917885,,,,,
cada_4class_balanced_blur,4,Balanced,Blur+CLAHE,False,original,0.6990950226244343,0.5955583380919293,0.0,0.6764725681995731,0.7234130371754397,0.6870687587860745,,,,,
cada_4class_balanced_blur_corrected,4,Balanced,Blur+CLAHE,True,corrected,0.6719457013574661,0.5644047521953077,0.8946573450586581,0.661010131554523,0.6894475057190574,0.6787323244852393,,,,,
cada_4class_balanced_corrected,4,Balanced,None,True,corrected,0.8371040723981901,0.7795297410388926,0.9660499912238489,0.8264578864255162,0.8358291203996269,0.8260977424956586,,,,,
cada_4class_balanced_resize,4,Balanced,Resize,False,original,0.7692307692307693,0.6884678372271398,0.0,0.7624281968031968,0.7677875647239999,0.7596012155792607,,,,,
cada_4class_balanced_resize_corrected,4,Balanced,Resize,True,corrected,0.7850678733031674,0.7113692603794337,0.9324761127129549,0.7712008851714733,0.7705325674410088,0.7752974861490118,,,,,
cada_4class_balanced_sharp,4,Balanced,Sharp+CLAHE,False,original,0.6561085972850679,0.5449656611083267,0.0,0.6477494295935768,0.6896192921817834,0.6671989994211528,,,,,
cada_4class_balanced_sharp_corrected,4,Balanced,Sharp+CLAHE,True,corrected,0.6968325791855203,0.5979008397998602,0.9056329290102004,0.6863735003060846,0.7061235166763907,0.7056929628710825,,,,,
cada_4class_unbalanced,4,Unbalanced,None,False,original,0.8260869565217391,0.75750081353726,0.0,0.7686361283643892,0.8074640504916777,0.7644814230677609,,,,,
cada_4class_unbalanced_corrected,4,Unbalanced,None,True,corrected,0.8115942028985508,0.735189923243456,0.9324135418388346,0.7103369711454574,0.7906432748538011,0.7288521566984565,,,,,
cada_5class_balanced,5,Balanced,None,False,original,0.7649572649572649,0.6817350017310451,0.0,0.7077544914178856,0.7309163206858109,0.6923704140571612,,,,,
cada_5class_balanced_blur,5,Balanced,Blur+CLAHE,False,original,0.6452991452991453,0.500886593169378,0.0,0.4567783207450592,0.5964078536367693,0.48203723986856517,,,,,
cada_5class_balanced_blur_corrected,5,Balanced,Blur+CLAHE,True,corrected,0.6666666666666666,0.5402403083201088,0.8453195053571376,0.5146788757917037,0.5588589571348193,0.5278252403553608,,,,,
cada_5class_balanced_corrected,5,Balanced,None,True,corrected,0.7735042735042735,0.6973424115967494,0.942470276180066,0.7276865564584862,0.7674211683001888,0.7135234644873198,,,,,
cada_5class_balanced_resize,5,Balanced,Resize,False,original,0.7307692307692307,0.6370842667585732,0.0,0.6581344752172547,0.6988128522611281,0.647774875726683,,,,,
cada_5class_balanced_resize_corrected,5,Balanced,Resize,True,corrected,0.7521367521367521,0.6555242518845656,0.9050947144835131,0.6466028080222029,0.8368957646023307,0.621939974349613,,,,,
cada_5class_balanced_sharp,5,Balanced,Sharp+CLAHE,False,original,0.6837606837606838,0.5525465774309413,0.0,0.48812921124517905,0.5824223167056639,0.5073749543629061,,,,,
cada_5class_balanced_sharp_corrected,5,Balanced,Sharp+CLAHE,True,corrected,0.6837606837606838,0.5680610641323056,0.8511183670906869,0.5907778778617555,0.64,0.5804145252338023,,,,,
cada_5class_unbalanced,5,Unbalanced,None,False,original,0.8064516129032258,0.7323662418511775,0.0,0.6787186147186147,0.7220320855614972,0.6627434470291613,,,,,
cada_5class_unbalanced_corrected,5,Unbalanced,None,True,corrected,0.8110599078341014,0.7420411713540156,0.940749886717259,0.7484325904752483,0.7847555571831399,0.7265175036603607,,,,,
cada_8class_balanced,8,Balanced,None,False,original,0.780309936189608,0.746901087539251,0.0,0.7259088860419984,0.7478313184507165,0.7430507804446143,0.780309936189608,0.7079349402728019,0.7793655004780822,0.9945305378304466,0.9942384453781512
cada_8class_balanced_blur,8,Balanced,Blur+CLAHE,False,original,0.7247037374658158,0.6819648839865987,0.0,0.6602836510828206,0.6774154932023893,0.6680477235020117,0.7411121239744758,0.6532005271875612,0.7359143785817188,0.9717411121239745,0.9701930653540292
cada_8class_balanced_resize,8,Balanced,Resize,False,original,0.7520510483135825,0.7141496790238416,0.0,0.6950076362765133,0.7233306030893589,0.7036876747657392,0.7784867821330902,0.7039175766138304,0.7730793480322308,0.9580674567000912,0.9565192665609705
cada_8class_balanced_sharp,8,Balanced,Sharp+CLAHE,False,original,0.6763901549680948,0.6283701573893203,0.0,0.6234029781329276,0.6678851366880019,0.634314701489212,0.715587967183227,0.6191023089969419,0.6997628435159899,0.9471285323609845,0.9454034035133484
cada_8class_unbalanced,8,Unbalanced,None,False,original,0.5265700483091788,0.3833667700164144,0.0,0.3974947193925296,0.37833153735632186,0.4529734848484849,0.5314009661835749,0.34332995388690846,0.42790542790542785,0.9855072463768116,0.965278166060945
